Proyecto,Desarrollador,Último Trimestre,Absorción por Proyecto,Meses de Inventario,Meses en el Mercado,Unidades Totales,Unidades Inventario,Precio Promedio Inv.,$M2 Promedio Inv,M2 Promedio Inv,Estatus,Unnamed: 12,Unnamed: 13,Unnamed: 14
Cardinal Living,Otro,2020 - Q1,0.8,41.25,10,41,33,6123048.9090909,75061.5370128314,87.51515151515152,Vendido,,,
Pedregal Towers,Otro,2020 - Q1,0.3333333333333333,63,15,26,21,5961125.0,41916.496397019924,140.14285714285714,Vendido,,Etiquetas de fila,Suma de Unidades Totales
Verandas,Otro,2020 - Q1,0.1956521739130435,66.44444444444444,46,22,13,53093658.320769,178691.9363443035,300.87769230769237,Terminado,,2020 - Q1,89
Serena Residences,GNS Génesis Capital,2020 - Q2,6,10.666666666666666,2,76,64,9158059.8946484,63958.396824825526,145.57171875,Vendido,,2020 - Q2,76
Ladera San Jose T2AB,Otro,2020 - Q4,4,6,1,28,24,5243350.0,41554.194828092855,128.875,Vendido,,2020 - Q4,111
Punto Nima,Fortem Capital,2020 - Q4,3,14.666666666666666,1,47,44,8893589.0909091,71676.0949135114,124.19590909090917,Terminado,,2021 - Q1,166
Vista Azul,Otro,2020 - Q4,6,5,1,36,30,6096533.3333333,88608.8919781691,96.5,Vendido,,2021 - Q2,162
Vista Velas Fase 3,Grupo Velas,2021 - Q1,11.666666666666666,11.22857142857143,3,166,131,3712608.0916031,31731.230830935085,116.62458015267171,Preventa,,2021 - Q3,75
Camino del Mar,Otro,2021 - Q2,2,33,3,72,66,2902900.0,32254.44444444448,90.0,Terminado,,2021 - Q4,308
Tramonti Paradiso Torre B,DISCOVERING MÉXICO,2021 - Q2,-,-,2,20,20,8534610.0,51184.41656929647,170.7425,En Construcción,,2022 - Q1,145
Tramonti Paradiso Torre C,DISCOVERING MÉXICO,2021 - Q2,1,18,2,20,18,9120675.5555556,53010.05951353134,174.76388888888889,Vendido,,2022 - Q2,642
Tramonti Paradiso Torre D,DISCOVERING MÉXICO,2021 - Q2,1.5,11.333333333333334,2,20,17,9729676.4705882,54495.83840923499,178.99941176470588,Vendido,,2022 - Q3,427
Tramonti Paradiso Torre E,DISCOVERING MÉXICO,2021 - Q2,1,13,2,15,13,5734784.6153846,36944.821396270876,158.70615384615388,Vendido,,2022 - Q4,108
Tramonti Paradiso Torre F,DISCOVERING MÉXICO,2021 - Q2,0.5,28,2,15,14,6447967.1428571,40086.29112008879,166.2757142857143,Vendido,,2023 - Q1,135
Colorado Hills Fase 1,Si Soluciones Inmobiliarias,2021 - Q3,5,6,1,35,30,4702192.9166667,37201.98297333885,127.11433333333336,En Construcción,,2023 - Q2,249
Cuatro Vientos Fase 1 Torre A1,Inde,2021 - Q3,6,2.3333333333333335,1,20,14,6458532.1428571,52467.42864028948,127.17285714285715,Vendido,,2023 - Q3,93
Cuatro Vientos Fase 1 torre A2,Inde,2021 - Q3,2,9,1,20,18,8480075.0,67848.35514630207,128.13222222222225,Vendido,,2023 - Q4,237
Cabo Costa,Ventura One,2021 - Q4,2.6666666666666665,15,3,48,40,6077160.0,53007.15231259968,115.85,Terminado,,2024 - Q1,139
Cabo Costa Vela Tower,Ventura One,2021 - Q4,-,-,3,23,23,7268608.6956522,57864.81158013057,133.91304347826087,En Construcción,,2024 - Q2,117
Cenit Torre Palmilla,Baja Capstone,2021 - Q4,4,6.5,1,30,26,13910969.233385,75370.86997582417,185.0,En Construcción,,2024 - Q3,119
Marea Los Cabos,Otro,2021 - Q4,9,14,2,144,126,8804528.14,62773.014072795704,147.34920634920636,En Construcción,,2024 - Q4,185
Mistiq Los Cabos Fase II,Mistiq Tulum,2021 - Q4,7,5.142857142857143,1,43,36,8900470.1388889,43280.670581439015,204.45833333333323,En Construcción,,2025 - Q1,403
North Enclave Fase 1,Otro,2021 - Q4,-,-,1,20,20,99095040.0,151677.89726381452,644.4,Preventa,,2025 - Q2,68
Cora,Grupo Habitat,2022 - Q1,4.333333333333333,12.230769230769232,3,66,53,13333411.320755,55308.71118680031,243.225471698113,En Construcción,,2025 - Q3,64
Solaria Los Cabos Torre B,kaab Corporativo,2022 - Q1,1.6666666666666667,10.2,3,22,17,9363758.8235294,72513.19721776729,156.75117647058826,Vendido,,Total general,4118
Vistas del Tezal,Si Soluciones Inmobiliarias,2022 - Q1,7,5.857142857142857,1,48,41,5200761.097561,38708.2452480179,134.78951219512194,Terminado,,,
VR-51,Otro,2022 - Q1,2,3.5,1,9,7,5759198.5714286,39513.79525039991,145.57142857142858,Vendido,,,
Balena Los Cabos,EMAN,2022 - Q2,0.6666666666666666,33,3,24,22,6037085.9090909,44505.69299359214,135.41818181818186,En Construcción,,,
Casa Adobe Torre Tammi,DISCOVERING MÉXICO,2022 - Q2,1,19,2,21,19,8290184.5628,59239.85769203724,142.6315789473684,En Construcción,,,
Las Arenas Torre A,Otro,2022 - Q2,1.6666666666666667,25.799999999999997,3,48,43,9373233.1767186,78123.13650067123,125.56511627906976,En Construcción,,,
Las Arenas Torre B,Otro,2022 - Q2,3,13,3,48,39,9119481.9640744,79274.10869268098,119.68717948717949,En Construcción,,,
Mistiq Pedregal,Mistiq Tulum,2022 - Q2,2,14.5,2,33,29,9121109.862069,59100.541923583245,157.29,En Construcción,,Etiquetas de fila,Cuenta de Proyecto
Monte Rocella,TAO México,2022 - Q2,30.333333333333332,10.021978021978022,3,395,304,7949697.7737226,55000.745841543285,143.49042763157928,En Construcción,,2020 - Q1,3
Solaria Los Cabos Torre A,kaab Corporativo,2022 - Q2,2,8,2,20,16,8551306.25,51199.81970088137,186.1525,Vendido,,2020 - Q2,1
Torre Catalina,GUFEX DESARROLLOS,2022 - Q2,-,-,1,20,20,0.0,-,153.25,Vendido,,2020 - Q4,3
Wen Living Torre Balance,Awen Developers,2022 - Q2,-,-,2,6,6,13638041.666667,75470.61636638631,183.72333333333333,En Construcción,,2021 - Q1,1
Wen Living Torre Energy,Awen Developers,2022 - Q2,-,-,2,6,6,12757075.0,73103.54982998826,176.67999999999998,En Construcción,,2021 - Q2,6
Wen Living Torre Growth,Awen Developers,2022 - Q2,-,-,2,12,12,13766798.333333,77840.09454007591,178.9983333333333,En Construcción,,2021 - Q3,3
Wen Living Torre Prosperity,Awen Developers,2022 - Q2,0.5,16,2,9,8,14307237.5,80744.43854492676,179.67625000000004,En Construcción,,2021 - Q4,6
Arene,Otro,2022 - Q3,1.3333333333333333,6.75,3,13,9,7997900.4444444,69750.08170875488,113.33333333333333,Vendido,,2022 - Q1,4
Casa Nima,Central de Arquitectura,2022 - Q3,6.5,12.307692307692308,2,93,80,9961174.163325,77091.76486992041,128.41262500000008,En Construcción,,2022 - Q2,12
Cuatro Vientos Fase 2 Torre D2,Inde,2022 - Q3,1.5,11.333333333333334,2,20,17,9293764.7058824,74780.68356223815,127.04588235294119,En Construcción,,2022 - Q3,13
Lumaria Torre A,kaab Corporativo,2022 - Q3,-,-,1,36,36,10002722.222222,74766.3403942126,134.3744444444444,En Construcción,,2022 - Q4,7
Lumaria Torre B,kaab Corporativo,2022 - Q3,-,-,1,17,17,10154735.294118,68874.86713205233,147.3558823529412,En Construcción,,2023 - Q1,5
Lumaria Torre C,kaab Corporativo,2022 - Q3,7,7.571428571428571,1,60,53,9242545.5987453,70100.38185585385,132.204716981132,En Construcción,,2023 - Q2,7
Luxotica Fase IV,Si Soluciones Inmobiliarias,2022 - Q3,3.5,4.285714285714286,2,22,15,3508750.0,34740.099009900994,101.0,Vendido,,2023 - Q3,4
Monteluna,FURA GRUPO INMOBILIARIO,2022 - Q3,3,5.666666666666667,1,20,17,11934130.677324,59670.65338661765,200.0,En Construcción,,2023 - Q4,9
Or Los Cabos,FIDEICOMISO OR CABO BANCA MIFEL,2022 - Q3,1,30,1,31,30,9430922.51,73377.28787521338,129.3,En Construcción,,2024 - Q1,7
Sunset Hills,Si Soluciones Inmobiliarias,2022 - Q3,15,1.3333333333333333,1,35,20,3944837.5,41966.356382978716,94.0,Vendido,,2024 - Q2,5
The Arc Torre Merlot,Otro,2022 - Q3,0.6666666666666666,21,3,16,14,5957714.2857143,42408.346245179004,140.74357142857144,Preventa,,2024 - Q3,5
The O pedregal,Otro,2022 - Q3,0.6666666666666666,25.5,3,19,17,7072873.9570588,56919.01846122635,124.47058823529412,En Construcción,,2024 - Q4,6
Tortuga Bay,Otro,2022 - Q3,5,8,1,45,40,26100970.20125,128084.4206709241,201.725,En Construcción,,2025 - Q1,13
Breeze of Cabo,Si Soluciones Inmobiliarias,2022 - Q4,3,4.333333333333333,1,16,13,4598581.0846154,42889.85165451684,107.19538461538461,Terminado,,2025 - Q2,2
Colorado Hills Fase II,Si Soluciones Inmobiliarias,2022 - Q4,0.6666666666666666,27,3,20,18,7705062.5,57522.38337966802,135.1566666666667,En Construcción,,2025 - Q3,2
I Loft,Si Soluciones Inmobiliarias,2022 - Q4,1.3333333333333333,10.5,3,18,14,3471589.1115,77146.42469999999,45.0,Terminado,,Total general,124
St Regis Los Cabos Residences Torre A,Marriott International,2022 - Q4,-,-,12,10,10,84366000.0,160792.60388339043,568.3430000000001,En Construcción,,,
St Regis Los Cabos Residences Torre B,Marriott International,2022 - Q4,-,-,1,10,10,77593500.0,146596.39467060613,552.212,En Construcción,,,
Veranda Residences,Otro,2022 - Q4,3,5,1,18,15,6895050.0,42456.80939172559,162.2,Terminado,,,
Vista Mare Fase 4,Otro,2022 - Q4,4,3,1,16,12,6317775.0,54349.41816153918,117.0,Vendido,,,
Alba Residences Torre Alba 1,Otro,2023 - Q1,1.3333333333333333,10.5,3,18,14,5359152.075,36356.873481310155,148.10357142857143,En Construcción,,,
El Valle,Otro,2023 - Q1,-,-,3,12,12,52552002.505,185335.92842532185,283.55000000000007,En Construcción,,,
Maralta Torre F,GUFEX DESARROLLOS,2023 - Q1,4,3.75,3,27,15,2931233.3333333,30533.680555555547,96.0,Vendido,,,
Onturia,Otro,2023 - Q1,3.3333333333333335,13.799999999999999,3,56,46,5530434.7826087,57979.46456040515,96.5478260869565,Terminado,,,
Sun & Sea condos,Construyendo Alkimia,2023 - Q1,0.6666666666666666,30,3,22,20,6448405.242,54498.99769929863,125.2,En Construcción,,,
Cenit Torre Bahia,Baja Capstone,2023 - Q2,-,-,1,29,29,14624763.63669,64695.51260017769,223.3793103448276,En Construcción,,,
Emma,Otro,2023 - Q2,-,-,2,16,16,55167112.85545,149263.28903677457,369.0068749999999,En Construcción,,,
Mavila Towers Torre 4,DISCOVERING MÉXICO,2023 - Q2,1,22,3,25,22,13031690.593182,83058.75339512098,157.87409090909094,Terminado,,,
One Marina Place,Baja Capstone,2023 - Q2,-,-,1,42,42,11585663.259048,82212.19255696522,142.14285714285714,Preventa,,,
Portonovo Torre E,Otro,2023 - Q2,2,12,3,30,24,10006571.666667,40659.673738929465,263.0833333333333,En Construcción,,,
Tramonti Paradiso Torre G,DISCOVERING MÉXICO,2023 - Q2,-,-,1,15,15,9182826.6666667,57232.15124495318,161.854,Preventa,,,
Turquesa Los Cabos Fase 1,Desarrollos Lafher,2023 - Q2,-,-,2,92,92,3951125.0,50244.88697253638,78.74999999999999,En Construcción,,,
Alvar Torre 6,DISCOVERING MÉXICO,2023 - Q3,0.6,13.333333333333334,5,11,8,43115122.4775,153154.22962312258,360.97,En Construcción,,,
Costa Mare,Otro,2023 - Q3,-,-,0,28,28,5964425.7142857,57479.42886951325,103.77,Preventa,,,
Lucca,GUFEX DESARROLLOS,2023 - Q3,6,3,1,24,18,7234777.7777778,47882.277910347395,151.01166666666666,Preventa,,,
Luna Del Tezal Fase 3,Otro,2023 - Q3,5,1,5,30,5,4515000.0,52510.48610919483,87.38400000000001,En Construcción,,,
CIAN,Cuadro,2023 - Q4,1,29,3,32,29,7687358.6206897,40652.08066856161,193.6551724137931,Preventa,,,
Coyote Tower,Otro,2023 - Q4,0.3333333333333333,45,3,16,15,5576800.1205467,58235.28644684459,98.65066666666667,En Construcción,,,
Dream Tezal Torre Arco,Otro,2023 - Q4,0.6666666666666666,10.5,3,9,7,4397528.5714286,43975.28571428572,100.0,Preventa,,,
Dream Tezal Torre San Lucas,Otro,2023 - Q4,-,-,3,6,6,3990350.0,39903.5,100.0,En Construcción,,,
MARAZUL,Cabo Residential Development,2023 - Q4,2,24,3,54,48,5693186.8714583,39160.178180990675,147.5504166666668,En Construcción,,,
Mare,Cuadro,2023 - Q4,2,22,3,50,44,11360073.332005,55303.39957510871,209.7365909090909,Preventa,,,
Mavila Towers Torre 5,DISCOVERING MÉXICO,2023 - Q4,-,-,3,24,24,15090308.7875,95395.89528764387,159.2,Preventa,,,
Skytown Villas y Condos Torre A,Si Soluciones Inmobiliarias,2023 - Q4,2.6666666666666665,8.25,3,30,22,5662709.2727273,43069.33274721551,131.65818181818184,Preventa,,,
Sunset Hills Fase 2,Otro,2023 - Q4,0.6666666666666666,21,3,16,14,3789892.8571429,37734.028937955176,100.71071428571427,Preventa,,,
Ameth,Otro,2024 - Q1,0.3333333333333333,42,3,15,14,7011657.6785714,62447.15935917043,112.34642857142855,Preventa,,,
Avalon,Otro,2024 - Q1,2,8,2,20,16,5243796.875,42857.415311116565,122.57750000000001,Preventa,,,
Cumbre del Tezal,Otro,2024 - Q1,-,-,3,24,24,7112500.0,60015.61154177433,118.5,Preventa,,,
La Reserva,Tempo Development,2024 - Q1,2.5,4.4,2,16,11,43298813.954545,117992.42590533035,368.90909090909093,En Construcción,,,
Laiva Art Walk,Otro,2024 - Q1,1,32,3,35,32,8798644.140625,88138.11337358934,100.9971875,Preventa,,,
Villamar Los Cabos,Otro,2024 - Q1,-,-,3,9,9,4465757.4666667,32405.822963806826,142.1288888888889,Preventa,,,
Vista Vela Sunset Torre 4,Grupo Velas,2024 - Q1,7,0.8571428571428571,2,20,6,9393958.3333333,47687.3045371979,198.63333333333333,Vendido,,,
Balmar,Otro,2024 - Q2,14,0.7142857142857143,1,24,10,8745680.0,78332.14191259239,111.93500000000002,Preventa,,,
Cora Sur,Grupo Habitat,2024 - Q2,5,4.2,1,26,21,9706778.64565,70150.92377837969,138.36047619047616,En Construcción,,,
Larena F.1,Otro,2024 - Q2,1.5,18,2,30,27,27150660.490178,99056.79209525423,274.13,Preventa,,,
Torre Altamar,Otro,2024 - Q2,2.6666666666666665,3.375,3,17,9,7915555.5555556,71311.31131131132,111.0,Preventa,,,
Vista Vela Sunset Torre 3,Grupo Velas,2024 - Q2,3.3333333333333335,3,3,20,10,7889075.775,37875.785767966554,209.34,Terminado,,,
Maroma,Otro,2024 - Q3,-,-,0,8,5,8306991.04,63171.37129970357,132.32999999999998,Preventa,,,
Panorama,Otro,2024 - Q3,-,-,0,27,20,8096219.754722,77289.86803251681,104.69999999999996,Preventa,,,
Solara,Otro,2024 - Q3,-,-,0,20,18,10909434.080268,58199.189652671485,188.61111111111111,Preventa,,,
Terra 192,Otro,2024 - Q3,3.6666666666666665,11.727272727272728,3,54,43,4244699.0697674,52834.60385230529,83.15558139534888,Preventa,,,
Vista Mare f.5,Otro,2024 - Q3,-,-,0,10,10,7538986.208,59916.390022570544,127.5,Preventa,,,
Amarae Fase 1,Otro,2024 - Q4,3,13.666666666666666,1,44,41,1728926.8292683,32316.389332117637,53.5,Preventa,,,
Cangrejos 14,Otro,2024 - Q4,-,-,3,9,9,2938888.8888889,33503.626060577815,87.7111111111111,Preventa,,,
Hideaways Torre  1,Otro,2024 - Q4,-,-,1,39,39,8048700.1669128,76772.72619035614,105.29692307692312,Preventa,,,
Hideaways Torre 2,Otro,2024 - Q4,1,45,1,46,45,7943316.4429889,76021.99646193533,105.05600000000003,Preventa,,,
Los Cantos,Latitud 22 Norte,2024 - Q4,6,4.5,1,33,27,6863210.1694074,68329.79558944787,100.48592592592591,Preventa,,,
Paramo,Otro,2024 - Q4,-,-,3,14,14,8428474.2,67841.08803126439,124.28571428571426,Preventa,,,
Aisha Cabo Living,Grupo VEQ,2025 - Q1,1,31,1,32,31,12618100.967742,80465.60154008544,157.4516129032258,Preventa,,,
Alana Cerro Colorado,Grupo VEQ,2025 - Q1,-,-,3,47,47,6543254.8312064,67426.10862697594,98.8789361702127,Preventa,,,
Cove Club Reef Residence 142,Otro,2025 - Q1,-,-,1,7,7,110766200.0,285318.789655397,388.2857142857143,Preventa,,,
Cuatro Vientos Fase 3 Torre C,Inde,2025 - Q1,-,-,1,36,36,6001698.1305556,68055.34807034512,91.66666666666667,Preventa,,,
Duara Cabos T. Agara,Otro,2025 - Q1,2,14,1,30,28,8687955.4595188,70167.77348789935,124.0089285714286,Terminado,,,
Dunna,Otro,2025 - Q1,6,7.833333333333333,3,65,47,22728624.724455,110820.87704349725,211.72340425531914,Preventa,,,
Indigo Dunes,VIVA FORTE,2025 - Q1,-,-,1,30,30,3862803.32676,49733.05978101176,77.73333333333333,Preventa,,,
Kamu living,Otro,2025 - Q1,0.1111111111111111,234,9,27,26,8813237.6538462,89003.03714690218,99.07269230769232,Preventa,,,
Muralla,Grupo Troy,2025 - Q1,-,-,0,28,26,29744368.325,120152.8043029721,247.34615384615384,Preventa,,,
Nolah,Baja Capstone,2025 - Q1,1.6666666666666667,6.6,3,16,11,12869416.790427,114893.50863008489,112.95454545454545,Preventa,,,
Santarena,Otro,2025 - Q1,9,3.4444444444444446,1,40,31,10114875.543274,94791.77050149531,106.28032258064516,Preventa,,,
THE CANYON ENTRE PIEDRAS TORRE 1,Otro,2025 - Q1,3.3333333333333335,5.7,3,29,19,15095500.989106,77277.95245312862,192.78947368421052,Preventa,,,
THE CANYON ENTRE PIEDRAS TORRE 2,Otro,2025 - Q1,2,5,3,16,10,12651514.81888,67985.53756292287,185.4,Preventa,,,
Aromi Residences,Otro,2025 - Q2,0.6666666666666666,63,3,44,42,10508600.25,61435.044830863946,174.57142857142858,Preventa,,,
Tramonti Paradiso Torre A,DISCOVERING MÉXICO,2025 - Q2,1.6666666666666667,11.4,3,24,19,8474315.7894737,68457.09842746494,128.50842105263155,Preventa,,,
Avita Living San Jose T. Agave,Otro,2025 - Q3,-,-,7,16,16,10858019.0625,67098.02811200937,163.621875,Friends & Family,,,
Vitai T1,Otro,2025 - Q3,-,-,1,48,48,7297544.375,65220.70224767094,112.23333333333329,Friends & Family,,,
