Codigo COL,Proyecto,Desarrollador,Tipo de Modelo,Nombre Modelo,Precio Promedio Inv.,$M2 Promedio Inv,Metrajes (M2),Dormitorios,Baños,Cajones,Unidades Totales,Unidades Inventario,Meses en el Mercado,Ventas,Abs
CAB-12531,Muralla,Grupo Troy,Penthouse,Garden House,27491652.174999993,111754.68363821135,246,4 Recámaras,4.0,2.0,10.0,10.0,6.0,0.0,0.0
CAB-12531,Muralla,Grupo Troy,Penthouse,Sand House RT,38031181.77857142,114207.75308880306,333,4 Recámaras,3.0,2.0,7.0,7.0,6.0,0.0,0.0
CAB-12531,Muralla,Grupo Troy,Tradicional,Flying House,18548740.827272728,112416.61107438017,165,2 Recámaras,2.0,2.0,4.0,3.0,6.0,1.0,0.16666666666666666
CAB-12531,Muralla,Grupo Troy,Tradicional,Sand House,22801420.395833332,116333.7775297619,196,3 Recámaras,3.0,2.0,7.0,4.0,6.0,3.0,0.5
CAB-12529,Vitai T1,Otro,Penthouse,3R150,8838899.999999998,58925.999999999985,150,3 Recámaras,3.0,2.0,4.0,4.0,1.0,0.0,0.0
CAB-12529,Vitai T1,Otro,Tradicional,2R 102,6901845,67665.14705882352,102,2 Recámaras,2.0,2.0,4.0,4.0,1.0,0.0,0.0
CAB-12529,Vitai T1,Otro,Tradicional,2R 106,6998987.499999999,66028.18396226414,106,2 Recámaras,2.0,1.0,36.0,36.0,1.0,0.0,0.0
CAB-12529,Vitai T1,Otro,Tradicional,3R134,8838899.999999998,66457.89473684209,133,3 Recámaras,3.0,2.0,4.0,4.0,1.0,0.0,0.0
CAB-12528,Casa Nima,Central de Arquitectura,Penthouse,3 bed condo PH,12758167.254237287,78270.964749922,163,3 Recámaras,3.0,2.0,12.0,8.0,38.0,4.0,0.10526315789473684
CAB-12528,Casa Nima,Central de Arquitectura,Penthouse,4 bed condo PH,25682791.666666668,91724.25595238096,280,4 Recámaras,4.0,2.0,4.0,0.0,38.0,4.0,0.10526315789473684
CAB-12528,Casa Nima,Central de Arquitectura,Tradicional,1 bed condo,7333889.72,79716.19260869565,92,1 Recámara,1.0,1.0,20.0,1.0,38.0,19.0,0.5
CAB-12528,Casa Nima,Central de Arquitectura,Tradicional,2 bed condo,8877545.19193372,73368.14208209685,121,2 Recámaras,2.0,1.0,57.0,28.0,38.0,29.0,0.7631578947368421
CAB-12526,Nolah,Baja Capstone,Tradicional,1R,7062560.7633,123904.57479473684,57,1 Recámara,1.0,1.0,4.0,0.0,9.0,4.0,0.4444444444444444
CAB-12526,Nolah,Baja Capstone,Tradicional,2R 97m2,11236904.804199997,117051.09171041664,96,2 Recámaras,2.0,1.0,4.0,1.0,9.0,3.0,0.3333333333333333
CAB-12526,Nolah,Baja Capstone,Tradicional,2R 110 m2,12075117.984509092,102331.50834329739,118,2 Recámaras,2.0,1.0,4.0,3.0,9.0,1.0,0.1111111111111111
CAB-12526,Nolah,Baja Capstone,Tradicional,3R,16725195.417385712,109315.0027280112,153,3 Recámaras,3.0,2.0,4.0,2.0,9.0,2.0,0.2222222222222222
CAB-12522,Avita Living San Jose T. Agave,Otro,Garden House,2B + GH,10407210,49323.270142180096,211,2 Recámaras,3.0,2.0,2.0,2.0,7.0,0.0,0.0
CAB-12522,Avita Living San Jose T. Agave,Otro,Penthouse,4B,21388125,138883.92857142858,154,4 Recámaras,4.0,3.0,1.0,1.0,7.0,0.0,0.0
CAB-12522,Avita Living San Jose T. Agave,Otro,Tradicional,2B,7171770,64033.66071428572,112,2 Recámaras,1.0,1.0,4.0,4.0,7.0,0.0,0.0
CAB-12522,Avita Living San Jose T. Agave,Otro,Tradicional,2B +,11571090,64642.960893854746,179,2 Recámaras,3.0,2.0,8.0,8.0,7.0,0.0,0.0
CAB-12522,Avita Living San Jose T. Agave,Otro,Tradicional,3B,10269960,65413.75796178344,157,3 Recámaras,3.0,2.0,1.0,1.0,7.0,0.0,0.0
CAB-11643,Cenit,Baja Capstone,Garden House,2R Garden,11978932.3730168,62716.92341893613,191,2 Recámaras,2.0,2.0,6.0,6.0,28.0,0.0,0.0
CAB-11643,Cenit,Baja Capstone,Penthouse,2R PH,27616281.488648605,80279.8880483971,344,2 Recámaras,2.0,2.0,3.0,1.0,28.0,2.0,0.07142857142857142
CAB-11643,Cenit,Baja Capstone,Tradicional,3R,15600853.778483482,72226.1749003865,216,3 Recámaras,3.0,2.0,16.0,14.0,28.0,2.0,0.07142857142857142
CAB-11643,Cenit,Baja Capstone,Tradicional,3R Centro,16903889.92780138,80113.22240664162,211,3 Recámaras,3.0,2.0,4.0,3.0,28.0,1.0,0.03571428571428571
CAB-10281,Tortuga Bay,Otro,Penthouse,PH L,43968198.5,130857.73363095238,336,3 Recámaras,3.0,2.0,1.0,0.0,37.0,1.0,0.02702702702702703
CAB-10281,Tortuga Bay,Otro,Penthouse,PH M,44034875.538461536,131056.17719780219,336,3 Recámaras,3.0,2.0,1.0,1.0,37.0,0.0,0.0
CAB-10281,Tortuga Bay,Otro,Tradicional,Residence A,47988609.37499999,134421.87499999997,357,3 Recámaras,3.0,2.0,1.0,0.0,37.0,1.0,0.02702702702702703
CAB-10281,Tortuga Bay,Otro,Tradicional,Residence B,32498985.769230764,128454.48920644571,253,3 Recámaras,3.0,2.0,4.0,4.0,37.0,0.0,0.0
CAB-10281,Tortuga Bay,Otro,Tradicional,Residence C y I,35355599.99999999,139745.45454545453,253,3 Recámaras,3.0,2.0,6.0,0.0,37.0,6.0,0.16216216216216217
CAB-10281,Tortuga Bay,Otro,Tradicional,Residence D,25640882.53846154,126309.76619931794,203,3 Recámaras,3.0,2.0,2.0,2.0,37.0,0.0,0.0
CAB-10281,Tortuga Bay,Otro,Tradicional,Residence E,18327907.634782612,122186.05089855075,150,2 Recámaras,2.0,2.0,17.0,10.0,37.0,7.0,0.1891891891891892
CAB-10281,Tortuga Bay,Otro,Tradicional,Residence F,16600256.632142855,119426.3067060637,139,2 Recámaras,2.0,2.0,3.0,2.0,37.0,1.0,0.02702702702702703
CAB-10281,Tortuga Bay,Otro,Tradicional,Residence G,28341129.2,134318.14786729857,211,3 Recámaras,3.0,2.0,1.0,0.0,37.0,1.0,0.02702702702702703
CAB-10281,Tortuga Bay,Otro,Tradicional,Residence H,21812812.041666668,120512.77371086557,181,2 Recámaras,2.0,2.0,3.0,2.0,37.0,1.0,0.02702702702702703
CAB-10281,Tortuga Bay,Otro,Tradicional,Residence J,27291428.571428567,123490.62702003877,221,2 Recámaras,2.0,2.0,1.0,0.0,37.0,1.0,0.02702702702702703
CAB-10281,Tortuga Bay,Otro,Tradicional,Residence K,44244000,137831.77570093458,321,3 Recámaras,3.0,2.0,1.0,0.0,37.0,1.0,0.02702702702702703
CAB-10281,Tortuga Bay,Otro,Tradicional,Residence N,25640882.53846154,111482.09799331105,230,3 Recámaras,3.0,2.0,2.0,2.0,37.0,0.0,0.0
CAB-10281,Tortuga Bay,Otro,Tradicional,Residence O,26412195.357142854,120055.43344155843,220,3 Recámaras,3.0,2.0,2.0,0.0,37.0,2.0,0.05405405405405406
CAB-10278,THE CANYON ENTRE PIEDRAS,Otro,Tradicional,2r 2.5,10641883.177846152,61513.77559448643,173,2 Recámaras,2.0,2.0,9.0,3.0,9.0,6.0,0.6666666666666666
CAB-10278,THE CANYON ENTRE PIEDRAS,Otro,Tradicional,2r 4,11822956.150633333,74828.8363964135,158,2 Recámaras,4.0,2.0,1.0,1.0,9.0,0.0,0.0
CAB-10278,THE CANYON ENTRE PIEDRAS,Otro,Tradicional,4R 2.5,15974306.0373,78305.42175147058,204,4 Recámaras,2.0,2.0,1.0,1.0,9.0,0.0,0.0
CAB-10278,THE CANYON ENTRE PIEDRAS,Otro,Tradicional,4R 4,14861045.3355,65467.16006828194,227,4 Recámaras,4.0,2.0,5.0,2.0,9.0,3.0,0.3333333333333333
CAB-10277,Alana Cerro Colorado,Grupo VEQ,Tradicional,Tipo A,3860096.9788999995,72832.01846981132,53,1 Recámara,1.0,1.0,2.0,1.0,9.0,1.0,0.1111111111111111
CAB-10277,Alana Cerro Colorado,Grupo VEQ,Tradicional,Tipo B,4699509.141,70141.92747761194,67,1 Recámara,1.0,1.0,4.0,2.0,9.0,2.0,0.2222222222222222
CAB-10277,Alana Cerro Colorado,Grupo VEQ,Tradicional,Tipo C,5628345.201282353,68638.35611319944,82,2 Recámaras,2.0,2.0,12.0,10.0,9.0,2.0,0.2222222222222222
CAB-10277,Alana Cerro Colorado,Grupo VEQ,Tradicional,Tipo D,6283655.731045833,73065.76431448643,86,2 Recámaras,2.0,2.0,11.0,10.0,9.0,1.0,0.1111111111111111
CAB-10277,Alana Cerro Colorado,Grupo VEQ,Tradicional,Tipo E,7202631.850533332,67314.31636012459,107,3 Recámaras,3.0,2.0,6.0,6.0,9.0,0.0,0.0
CAB-10277,Alana Cerro Colorado,Grupo VEQ,Tradicional,Tipo F,7231349.4961875,59763.218976756194,121,1 Recámara,1.0,1.0,3.0,2.0,9.0,1.0,0.1111111111111111
CAB-10277,Alana Cerro Colorado,Grupo VEQ,Tradicional,Tipo G,8063408.87667857,59728.95464206348,135,2 Recámaras,2.0,2.0,6.0,6.0,9.0,0.0,0.0
CAB-10277,Alana Cerro Colorado,Grupo VEQ,Tradicional,Tipo H,9184699.817599999,56695.67788641975,162,3 Recámaras,2.0,2.0,3.0,3.0,9.0,0.0,0.0
CAB-10276,THE CANYON ENTRE PIEDRAS,Otro,Tradicional,2r 2.5,10491286.41555073,68570.49944804398,153,2 Recámaras,2.0,2.0,14.0,6.0,9.0,8.0,0.8888888888888888
CAB-10276,THE CANYON ENTRE PIEDRAS,Otro,Tradicional,3r 2,17095074.499533333,79883.52569875389,214,3 Recámaras,2.0,2.0,6.0,5.0,9.0,1.0,0.1111111111111111
CAB-10276,THE CANYON ENTRE PIEDRAS,Otro,Tradicional,3r 3.5,16889609.562149998,74403.56635308369,227,3 Recámaras,3.0,2.0,2.0,2.0,9.0,0.0,0.0
CAB-10276,THE CANYON ENTRE PIEDRAS,Otro,Tradicional,4r 3.5,17004501.338499997,74909.6975264317,227,4 Recámaras,3.0,2.0,1.0,1.0,9.0,0.0,0.0
CAB-10276,THE CANYON ENTRE PIEDRAS,Otro,Tradicional,4r 4.5,15890971.2,76398.9,208,4 Recámaras,4.0,2.0,4.0,0.0,9.0,4.0,0.4444444444444444
CAB-10276,THE CANYON ENTRE PIEDRAS,Otro,Tradicional,5r 4,29330784.661099996,76782.15879869109,382,5 Recámaras,4.0,2.0,2.0,1.0,9.0,1.0,0.1111111111111111
CAB-10272,Cora Sur,Grupo Habitat,Garden House,Garden,10038235.685448797,73271.79332444377,137,2 Recámaras,2.0,2.0,6.0,3.0,16.0,3.0,0.1875
CAB-10272,Cora Sur,Grupo Habitat,Tradicional,Aqua,11322838.21859375,82049.55230865037,138,2 Recámaras,2.0,2.0,9.0,5.0,16.0,4.0,0.25
CAB-10272,Cora Sur,Grupo Habitat,Tradicional,Fairway,10388070.583950002,75275.87379673915,138,2 Recámaras,2.0,2.0,11.0,6.0,16.0,5.0,0.3125
CAB-10266,Dunna,Otro,Garden House,Modelo B GH,22991341.233333334,95399.7561549101,241,3 Recámaras,3.0,2.0,5.0,5.0,9.0,0.0,0.0
CAB-10266,Dunna,Otro,Garden House,Modelo C GH,33484941.133333337,78235.84376947042,428,4 Recámaras,4.0,2.0,2.0,2.0,9.0,0.0,0.0
CAB-10266,Dunna,Otro,Penthouse,Modelo B PH,33068583.466666665,95850.9665700483,345,3 Recámaras,3.0,2.0,4.0,4.0,9.0,0.0,0.0
CAB-10266,Dunna,Otro,Penthouse,Modelo C PH,48796288.449999996,103601.46167728236,471,4 Recámaras,4.0,2.0,2.0,0.0,9.0,2.0,0.2222222222222222
CAB-10266,Dunna,Otro,Tradicional,Modelo B,17498453.47071429,103541.14479712598,169,3 Recámaras,3.0,1.0,21.0,8.0,9.0,13.0,1.4444444444444444
CAB-10266,Dunna,Otro,Tradicional,Modelo C,23565437.48823529,99853.5486789631,236,4 Recámaras,4.0,2.0,8.0,5.0,9.0,3.0,0.3333333333333333
CAB-10266,Dunna,Otro,Tradicional,Modelo DPX,53495884.666666664,119945.92974588939,446,5 Recámaras,5.0,2.0,2.0,2.0,9.0,0.0,0.0
CAB-10266,Dunna,Otro,Tradicional,Modelo F,13771185.32861171,117702.43870608299,117,2 Recámaras,3.0,1.0,21.0,16.0,9.0,5.0,0.5555555555555556
CAB-10264,La Reserva,Tempo Development,Garden House,Garden,57103877.62755,115594.89398289473,494,3 Recámaras,3.0,2.0,4.0,0.0,20.0,4.0,0.2
CAB-10264,La Reserva,Tempo Development,Penthouse,Penthouse,52784213.60273429,163926.12920103816,322,3 Recámaras,3.0,2.0,4.0,2.0,20.0,2.0,0.1
CAB-10264,La Reserva,Tempo Development,Tradicional,Residencia,41349518.668586396,128414.65425026832,322,3 Recámaras,3.0,2.0,8.0,3.0,20.0,5.0,0.25
CAB-10263,Santarena,Otro,Tradicional,Modelo A,8312235.517890242,88428.03742436427,94,2 Recámaras,2.0,1.0,14.0,10.0,7.0,4.0,0.5714285714285714
CAB-10263,Santarena,Otro,Tradicional,Modelo B,8638994.085064862,79256.82646848497,109,2 Recámaras,2.0,1.0,14.0,8.0,7.0,6.0,0.8571428571428571
CAB-10263,Santarena,Otro,Tradicional,Modelo C,12084766.282019997,103288.60070102561,117,2 Recámaras,2.0,2.0,12.0,5.0,7.0,7.0,1.0
CAB-10262,El Valle,Otro,Tradicional,Planta alta,54033267.714348614,190930.2746090057,283,3 Recámaras,3.0,2.0,6.0,5.0,33.0,1.0,0.030303030303030304
CAB-10262,El Valle,Otro,Tradicional,Planta baja,56343825.66613114,199094.790339686,283,3 Recámaras,3.0,2.0,6.0,5.0,33.0,1.0,0.030303030303030304
CAB-10258,Verandas,Otro,Penthouse,Modelo C PH,61212391.139999986,117265.11712643676,522,4 Recámaras,4.0,2.0,1.0,0.0,113.0,1.0,0.008849557522123894
CAB-10258,Verandas,Otro,Penthouse,Modelo E PH,76464897.05635218,146484.47711944862,522,4 Recámaras,4.0,2.0,1.0,0.0,113.0,1.0,0.008849557522123894
CAB-10258,Verandas,Otro,Tradicional,Modelo C,57660261.344653845,161967.02624902767,356,4 Recámaras,4.0,2.0,4.0,2.0,113.0,2.0,0.017699115044247787
CAB-10258,Verandas,Otro,Tradicional,Modelo D,42700106.56791461,175000.43675374842,244,3 Recámaras,3.0,2.0,6.0,0.0,113.0,6.0,0.05309734513274336
CAB-10258,Verandas,Otro,Tradicional,Modelo E,52726725.0290039,146871.10035934235,359,4 Recámaras,4.0,2.0,4.0,1.0,113.0,3.0,0.02654867256637168
CAB-10258,Verandas,Otro,Tradicional,Modelo F,41120025.42756775,168524.69437527767,244,3 Recámaras,3.0,2.0,6.0,0.0,113.0,6.0,0.05309734513274336
CAB-10255,Emma,Otro,Tradicional,Residencia A,53448785.40260313,144066.80701510276,371,4 Recámaras,4.0,2.0,5.0,1.0,29.0,4.0,0.13793103448275862
CAB-10255,Emma,Otro,Tradicional,Residencia B,55078853.014152244,154282.50144020235,357,3 Recámaras,3.0,2.0,6.0,1.0,29.0,5.0,0.1724137931034483
CAB-10255,Emma,Otro,Tradicional,Residencia C,70100520.2632168,184475.05332425472,380,4 Recámaras,4.0,2.0,5.0,1.0,29.0,4.0,0.13793103448275862
CAB-09881,Paramo,Otro,Tradicional,119 m2,7240658.220000001,60845.86739495799,119,2 Recámaras,2.0,1.0,2.0,1.0,12.0,1.0,0.08333333333333333
CAB-09881,Paramo,Otro,Tradicional,121.8 m2,8350281.2250000015,69010.58863636365,121,2 Recámaras,2.0,1.0,6.0,6.0,12.0,0.0,0.0
CAB-09881,Paramo,Otro,Tradicional,128.5 m2,8155635.975000001,63715.906054687504,128,2 Recámaras,2.0,1.0,6.0,6.0,12.0,0.0,0.0
CAB-09879,Hideaways,Otro,Tradicional,1R Loft,5163445.326695651,75933.01951023017,68,1 Recámara,1.0,1.0,18.0,17.0,10.0,1.0,0.1
CAB-09879,Hideaways,Otro,Tradicional,3R Departamento,8281526.533615384,72013.27420535116,115,3 Recámaras,2.0,2.0,13.0,13.0,10.0,0.0,0.0
CAB-09879,Hideaways,Otro,Tradicional,4R Corner,12640778.344912497,68328.53159412161,185,3 + 1 E Recámaras,3.0,2.0,4.0,4.0,10.0,0.0,0.0
CAB-09879,Hideaways,Otro,Tradicional,4R Departamento,12669455.211592307,81738.42071995037,155,4 Recámaras,3.0,2.0,4.0,3.0,10.0,1.0,0.1
CAB-09878,Hideaways,Otro,Loft,1R Loft,5258695.077821427,77333.75114443275,68,1 Recámara,1.0,1.0,6.0,5.0,10.0,1.0,0.1
CAB-09878,Hideaways,Otro,Tradicional,1.5 R Departamento,5607272.236162498,73779.89784424339,76,1 + 1 E Recámaras,1.0,1.0,9.0,9.0,10.0,0.0,0.0
CAB-09878,Hideaways,Otro,Tradicional,2R Departamento,7023088.264406251,73927.24488848685,95,2 Recámaras,2.0,1.0,16.0,11.0,10.0,5.0,0.5
CAB-09878,Hideaways,Otro,Tradicional,3R Departamento,8508654.74721111,73988.30214966183,115,3 Recámaras,2.0,2.0,6.0,4.0,10.0,2.0,0.2
CAB-09878,Hideaways,Otro,Tradicional,4R Corner,12862936.701,69529.38757297298,185,3 + 1 E Recámaras,3.0,2.0,3.0,3.0,10.0,0.0,0.0
CAB-09878,Hideaways,Otro,Tradicional,4R Departamento,11214797.511149999,72353.53232999999,155,4 Recámaras,3.0,2.0,6.0,6.0,10.0,0.0,0.0
CAB-09868,Larena F.1,Otro,Garden House,Garden House,32229027.136800006,111906.34422500002,288,4 Recámaras,4.0,2.0,10.0,8.0,17.0,2.0,0.11764705882352941
CAB-09868,Larena F.1,Otro,Penthouse,Penthouse,31510087.04134782,117574.95164682022,268,4 Recámaras,4.0,2.0,10.0,7.0,17.0,3.0,0.17647058823529413
CAB-09868,Larena F.1,Otro,Tradicional,First Level,29330232.4260898,109441.16576899179,268,4 Recámaras,4.0,2.0,10.0,8.0,17.0,2.0,0.11764705882352941
CAB-09279,Mare,Cuadro,Tradicional,Tipo 137,8664945.101189472,63712.83162639318,136,2 Recámaras,2.0,2.0,8.0,0.0,24.0,8.0,0.3333333333333333
CAB-09279,Mare,Cuadro,Tradicional,Tipo 187,11103320.780199999,59695.27301182795,186,3 Recámaras,3.0,2.0,12.0,2.0,24.0,10.0,0.4166666666666667
CAB-09279,Mare,Cuadro,Tradicional,Tipo 193,12137847.1512064,63217.95391253333,192,3 Recámaras,3.0,2.0,12.0,4.0,24.0,8.0,0.3333333333333333
CAB-09279,Mare,Cuadro,Tradicional,Tipo 224,11940068.878620002,53303.878922410724,224,3 Recámaras,3.0,2.0,4.0,4.0,24.0,0.0,0.0
CAB-09279,Mare,Cuadro,Tradicional,Tipo 229,11966755.11744,52485.76805894737,228,3 Recámaras,3.0,2.0,4.0,3.0,24.0,1.0,0.041666666666666664
CAB-09279,Mare,Cuadro,Tradicional,Tipo 235,11398890.169019999,48505.91561285106,235,3 Recámaras,4.0,1.0,2.0,0.0,24.0,2.0,0.08333333333333333
CAB-09279,Mare,Cuadro,Tradicional,Tipo 303,15449410.291199997,51156.98771920529,302,3 Recámaras,3.0,2.0,4.0,1.0,24.0,3.0,0.125
CAB-09279,Mare,Cuadro,Tradicional,Tipo 310,15792364.978628753,51107.97727711571,309,3 Recámaras,3.0,2.0,4.0,0.0,24.0,4.0,0.16666666666666666
CAB-08415,Laiva Art Walk,Otro,Lock off,2R GARDEN  LOCK OFF,12374444.790833332,95925.9286111111,129,2 Recámaras,2.0,1.0,2.0,1.0,21.0,1.0,0.047619047619047616
CAB-08415,Laiva Art Walk,Otro,Lock off,2R LOCK OFF,10261125.976538463,95898.37361250899,107,2 Recámaras,2.0,1.0,9.0,1.0,21.0,8.0,0.38095238095238093
CAB-08415,Laiva Art Walk,Otro,Lock off,3R GARDEN LOCK OFF,13233556.702857144,92542.35456543458,143,3 Recámaras,3.0,2.0,1.0,1.0,21.0,0.0,0.0
CAB-08415,Laiva Art Walk,Otro,Lock off,3R LOCK OFF,9602037.45,78705.22499999999,122,3 Recámaras,3.0,2.0,1.0,0.0,21.0,1.0,0.047619047619047616
CAB-08415,Laiva Art Walk,Otro,Penthouse,1R PH,8381251.004545453,106091.78486766396,79,1 Recámara,1.0,1.0,3.0,0.0,21.0,3.0,0.14285714285714285
CAB-08415,Laiva Art Walk,Otro,Penthouse,2R LOCK OFF PH,9561096.383000001,90199.0224811321,106,2 Recámaras,2.0,1.0,4.0,0.0,21.0,4.0,0.19047619047619047
CAB-08415,Laiva Art Walk,Otro,Penthouse,2R PH,9195750,93834.1836734694,98,2 Recámaras,2.0,1.0,1.0,0.0,21.0,1.0,0.047619047619047616
CAB-08415,Laiva Art Walk,Otro,Penthouse,3R LOCK OFF PH,11786794.225,96613.06741803278,122,3 Recámaras,3.0,2.0,2.0,0.0,21.0,2.0,0.09523809523809523
CAB-08415,Laiva Art Walk,Otro,Tradicional,1R GARDEN,7853032.449999999,80132.98418367346,98,1 Recámara,1.0,1.0,1.0,0.0,21.0,1.0,0.047619047619047616
CAB-08415,Laiva Art Walk,Otro,Tradicional,1R STANDAD,8203303.924827587,102541.29906034484,80,1 Recámara,1.0,1.0,8.0,2.0,21.0,6.0,0.2857142857142857
CAB-08415,Laiva Art Walk,Otro,Tradicional,2R STANDARD,8964009.05857143,79327.51379266752,113,2 Recámaras,2.0,1.0,3.0,0.0,21.0,3.0,0.14285714285714285
CAB-05699,Colorado Hills Fase 1,Si Soluciones Inmobiliarias,Tradicional,96.14,4972715.720714286,51799.12209077381,96,2 Recámaras,2.0,1.0,5.0,1.0,49.0,4.0,0.08163265306122448
CAB-05699,Colorado Hills Fase 1,Si Soluciones Inmobiliarias,Tradicional,121.87,4979860.019103225,41155.867926472936,121,2 Recámaras,2.0,1.0,5.0,0.0,49.0,5.0,0.10204081632653061
CAB-05699,Colorado Hills Fase 1,Si Soluciones Inmobiliarias,Tradicional,132.38,5257798.002356557,39831.803048155736,132,3 Recámaras,2.0,1.0,20.0,0.0,49.0,20.0,0.40816326530612246
CAB-05699,Colorado Hills Fase 1,Si Soluciones Inmobiliarias,Tradicional,133.04,5798572.760468749,43598.29143209586,133,3 Recámaras,2.0,1.0,5.0,0.0,49.0,5.0,0.10204081632653061
CAB-05693,One Marina Place,Baja Capstone,Garden House,Type Three Garden,13004770.93954717,77872.87987752796,167,2 Recámaras,2.0,1.0,6.0,5.0,28.0,1.0,0.03571428571428571
CAB-05693,One Marina Place,Baja Capstone,Penthouse,Type One PH,15190237.796001997,88315.33602326742,172,2 Recámaras,2.0,1.0,10.0,10.0,28.0,0.0,0.0
CAB-05693,One Marina Place,Baja Capstone,Tradicional,Type One + Jacuzzi,10472093.622867068,80554.56632974668,130,2 Recámaras,2.0,1.0,15.0,15.0,28.0,0.0,0.0
CAB-05693,One Marina Place,Baja Capstone,Tradicional,Type Two Standard,11934750.951834902,101141.95721893985,118,2 Recámaras,2.0,1.0,11.0,9.0,28.0,2.0,0.07142857142857142
CAB-05681,Punto Nima,Fortem Capital,Garden House,GH-01,10300830.62117647,83746.59041606887,123,2 Recámaras,2.0,1.0,1.0,0.0,58.0,1.0,0.017241379310344827
CAB-05681,Punto Nima,Fortem Capital,Garden House,GH-02,10914818.678235292,82066.30585139318,133,2 Recámaras,2.0,1.0,1.0,0.0,58.0,1.0,0.017241379310344827
CAB-05681,Punto Nima,Fortem Capital,Garden House,GH-03,12132503.151764706,77772.45610105581,156,2 Recámaras,2.0,1.0,1.0,0.0,58.0,1.0,0.017241379310344827
CAB-05681,Punto Nima,Fortem Capital,Garden House,GH-04,11522705.374375,78922.6395505137,146,2 Recámaras,2.0,1.0,1.0,0.0,58.0,1.0,0.017241379310344827
CAB-05681,Punto Nima,Fortem Capital,Penthouse,PH-01,12869923.2625,79443.97075617283,162,2 Recámaras,2.0,2.0,1.0,0.0,58.0,1.0,0.017241379310344827
CAB-05681,Punto Nima,Fortem Capital,Penthouse,PH-02- PH-05,12759227.372222222,78760.6627914952,162,2 Recámaras,2.0,2.0,5.0,0.0,58.0,5.0,0.08620689655172414
CAB-05681,Punto Nima,Fortem Capital,Penthouse,PH-06,13588823.51,91200.1577852349,149,3 Recámaras,3.0,2.0,1.0,0.0,58.0,1.0,0.017241379310344827
CAB-05681,Punto Nima,Fortem Capital,Penthouse,PH-07,13459985.127066668,91564.52467392292,147,3 Recámaras,3.0,2.0,1.0,0.0,58.0,1.0,0.017241379310344827
CAB-05681,Punto Nima,Fortem Capital,Penthouse,PH-08,15860738.775,73429.34618055556,216,3 Recámaras,3.0,2.0,1.0,0.0,58.0,1.0,0.017241379310344827
CAB-05681,Punto Nima,Fortem Capital,Tradicional,309-509,9142739.344800001,73141.9147584,125,3 Recámaras,2.0,2.0,3.0,0.0,58.0,3.0,0.05172413793103448
CAB-05681,Punto Nima,Fortem Capital,Tradicional,PT-01,8022972.672,72936.1152,110,2 Recámaras,2.0,1.0,4.0,0.0,58.0,4.0,0.06896551724137931
CAB-05681,Punto Nima,Fortem Capital,Tradicional,PT-02 - PT-05,8613352.615689654,82820.69822778513,104,2 Recámaras,2.0,1.0,16.0,0.0,58.0,16.0,0.27586206896551724
CAB-05681,Punto Nima,Fortem Capital,Tradicional,PT-06 - PT-07,9401315.528947368,83940.31722274436,112,2 Recámaras,2.0,1.0,8.0,1.0,58.0,7.0,0.1206896551724138
CAB-05681,Punto Nima,Fortem Capital,Tradicional,PT-08,9031515.625263158,84406.68808657158,107,2 Recámaras,2.0,1.0,2.0,0.0,58.0,2.0,0.034482758620689655
CAB-05681,Punto Nima,Fortem Capital,Tradicional,PT-09,10847549.496842107,85413.77556568588,127,3 Recámaras,2.0,1.0,1.0,1.0,58.0,0.0,0.0
CAB-05678,Wen Living ,Awen Developers,Tradicional,Energy A,11336662.5,59666.64473684211,190,2 Recámaras,2.0,1.0,3.0,1.0,41.0,2.0,0.04878048780487805
CAB-05678,Wen Living ,Awen Developers,Tradicional,Energy B,13621079.989062501,83564.9079083589,163,2 Recámaras,2.0,1.0,3.0,0.0,41.0,3.0,0.07317073170731707
CAB-05677,Wen Living ,Awen Developers,Tradicional,Prosperity A,21942454.483809523,102057.9278316722,215,2 Recámaras,2.0,1.0,2.0,2.0,41.0,0.0,0.0
CAB-05677,Wen Living ,Awen Developers,Tradicional,Prosperity B,13960345.263157895,84098.4654407102,166,2 Recámaras,2.0,1.0,4.0,0.0,41.0,4.0,0.0975609756097561
CAB-05677,Wen Living ,Awen Developers,Tradicional,Prosperity C,13526257.267857144,71567.49877173091,189,2 Recámaras,2.0,1.0,1.0,1.0,41.0,0.0,0.0
CAB-05677,Wen Living ,Awen Developers,Tradicional,Prosperity D,13258353.75,83913.63132911392,158,2 Recámaras,2.0,1.0,2.0,0.0,41.0,2.0,0.04878048780487805
CAB-05676,Wen Living ,Awen Developers,Tradicional,Balance A,14914375.785925925,69048.03604595335,216,2 Recámaras,2.0,1.0,2.0,1.0,41.0,1.0,0.024390243902439025
CAB-05676,Wen Living ,Awen Developers,Tradicional,Balance B,14439665.836875,86465.06489146706,167,2 Recámaras,2.0,1.0,4.0,1.0,41.0,3.0,0.07317073170731707
CAB-05675,Wen Living ,Awen Developers,Tradicional,Growth A,14041551.324000001,90009.94438461539,156,2 Recámaras,2.0,1.0,2.0,0.0,41.0,2.0,0.04878048780487805
CAB-05675,Wen Living ,Awen Developers,Tradicional,Growth B,13722094.345,66612.10847087379,206,2 Recámaras,2.0,1.0,1.0,1.0,41.0,0.0,0.0
CAB-05675,Wen Living ,Awen Developers,Tradicional,Growth C,15026520.555555554,84418.65480649188,178,2 Recámaras,2.0,1.0,2.0,1.0,41.0,1.0,0.024390243902439025
CAB-05675,Wen Living ,Awen Developers,Tradicional,Growth D,13586012.298000002,75477.84610000001,180,2 Recámaras,2.0,1.0,2.0,0.0,41.0,2.0,0.04878048780487805
CAB-05675,Wen Living ,Awen Developers,Tradicional,Growth E,12145473.333333334,76386.6247379455,159,2 Recámaras,2.0,1.0,2.0,0.0,41.0,2.0,0.04878048780487805
CAB-05675,Wen Living ,Awen Developers,Tradicional,Growth F,12266100,65946.7741935484,186,2 Recámaras,2.0,1.0,1.0,0.0,41.0,1.0,0.024390243902439025
CAB-05675,Wen Living ,Awen Developers,Tradicional,Growth G,11907000,55381.395348837206,215,2 Recámaras,2.0,1.0,1.0,0.0,41.0,1.0,0.024390243902439025
CAB-05675,Wen Living ,Awen Developers,Tradicional,Growth H,11245500,59500,189,2 Recámaras,2.0,1.0,1.0,0.0,41.0,1.0,0.024390243902439025
CAB-05669,Cenit Torre Palmilla,Baja Capstone,Tradicional,2R,12466098.633431,77913.11645894375,160,2 Recámaras,2.0,2.0,14.0,2.0,46.0,12.0,0.2608695652173913
CAB-05669,Cenit Torre Palmilla,Baja Capstone,Tradicional,3R,15475770.25761111,73694.14408386243,210,3 Recámaras,3.0,2.0,16.0,0.0,46.0,16.0,0.34782608695652173
CAB-05667,Colorado Hills Fase II,Si Soluciones Inmobiliarias,Tradicional,95 m2,6427081.357564515,67653.48797436332,95,2 Recámaras,2.0,1.0,6.0,2.0,36.0,4.0,0.1111111111111111
CAB-05667,Colorado Hills Fase II,Si Soluciones Inmobiliarias,Tradicional,119 m2,7034448.18257647,59113.0099376174,119,3 Recámaras,2.0,1.0,3.0,2.0,36.0,1.0,0.027777777777777776
CAB-05667,Colorado Hills Fase II,Si Soluciones Inmobiliarias,Tradicional,140 m2,7993621.823549999,57097.29873964285,140,3 Recámaras,2.0,1.0,6.0,2.0,36.0,4.0,0.1111111111111111
CAB-05667,Colorado Hills Fase II,Si Soluciones Inmobiliarias,Tradicional,145 m2,9062697.289958334,62501.3606204023,145,2 Recámaras,2.0,1.0,2.0,2.0,36.0,0.0,0.0
CAB-05667,Colorado Hills Fase II,Si Soluciones Inmobiliarias,Tradicional,174 m2,9729955.751600001,55919.28592873564,174,3 Recámaras,2.0,1.0,2.0,1.0,36.0,1.0,0.027777777777777776
CAB-05667,Colorado Hills Fase II,Si Soluciones Inmobiliarias,Tradicional,205 m2,10034377.985125,48948.18529329268,205,3 Recámaras,2.0,1.0,1.0,0.0,36.0,1.0,0.027777777777777776
CAB-05663,Cora,Grupo Habitat,Penthouse,Penthouse,16936079.80718913,54108.88117312821,313,3 Recámaras,3.0,1.0,22.0,2.0,45.0,20.0,0.4444444444444444
CAB-05663,Cora,Grupo Habitat,Tradicional,Piso 1,13409399.967272729,65732.35278074867,204,3 Recámaras,3.0,1.0,22.0,0.0,45.0,22.0,0.4888888888888889
CAB-05663,Cora,Grupo Habitat,Tradicional,Planta Baja,10862850.019220835,53249.26480010213,204,3 Recámaras,3.0,1.0,22.0,0.0,45.0,22.0,0.4888888888888889
CAB-05662,Sun & Sea condos,Construyendo Alkimia,Loft,Studio,3216518.922004342,55457.22279317831,58,1 Recámara,1.0,1.0,6.0,2.0,33.0,4.0,0.12121212121212122
CAB-05662,Sun & Sea condos,Construyendo Alkimia,Penthouse,Penthouse,10287486.482501274,76772.28718284534,134,2 Recámaras,2.0,1.0,4.0,4.0,33.0,0.0,0.0
CAB-05662,Sun & Sea condos,Construyendo Alkimia,Tradicional,3R,9782232.017580368,44667.72610767291,219,3 Recámaras,3.0,1.0,4.0,1.0,33.0,3.0,0.09090909090909091
CAB-05662,Sun & Sea condos,Construyendo Alkimia,Tradicional,Condo,6428380.987693762,51841.782158820664,124,2 Recámaras,2.0,1.0,8.0,7.0,33.0,1.0,0.030303030303030304
CAB-05654,North Enclave Fase 1,Otro,Penthouse,PH,156198420,212804.38692098093,734,4 Recámaras,4.0,2.0,4.0,0.0,46.0,4.0,0.08695652173913043
CAB-05654,North Enclave Fase 1,Otro,Tradicional,Planta Baja,101165570.64030612,162645.61196190695,622,3 Recámaras,3.0,2.0,8.0,4.0,46.0,4.0,0.08695652173913043
CAB-05654,North Enclave Fase 1,Otro,Tradicional,Planta Media,68859922.72916667,110707.27126875671,622,3 Recámaras,3.0,2.0,8.0,2.0,46.0,6.0,0.13043478260869565
,,,,,,,,,,,,,,,
,,,,,,,,,,,,,,,
,,,,,Alana ,1R,2R,3R,,,,,,,
,,,,,,,,,,,,,,,
,,,,,,,,,,,,,,,
,,,,,,,,,,,,,,,
,,,,,,,,,,,,,,,
,,,,,Etiquetas de fila,,,,,,,,,,
,,,,,1 + 1 E Recámaras,,,,,,,,,,
,,,,,1 Recámara,,,,,,,,,,
,,,,,2 Recámaras,,,,,,,,,,
,,,,,3 + 1 E Recámaras,,,,,,,,,,
,,,,,3 Recámaras,,,,,,,,,,
,,,,,4 Recámaras,,,,,,,,,,
,,,,,5 Recámaras,,,,,,,,,,
,,,,,Total general,,,,,,,,,,
